Workbook

Sheet OrangeHRM Test Suite
A1: Test Case ID | B1: Priority | C1: Test Type | D1: Module / Feature | E1: Test Scenario | F1: Test Steps | G1: Input Data | H1: Expected Result | I1: Automated | J1: Spec File | K1: Automation Notes
A2: TC_LOGIN_001 | B2: High | C2: Smoke | D2: Authentication | E2: Verify Successful Login With Valid Credentials | F2: 1. Navigate to the login page 2. Enter a valid admin username and password 3. Click Login | G2: Admin / admin123 (OrangeHRM's published public-demo login; env-overridable) | H2: User is redirected to the Dashboard; breadcrumb reads "Dashboard" | I2: Yes | J2: tests/Login.spec.ts
A3: TC_NAV_001 | B3: Medium | C3: Navigation | D3: Side Panel Navigation | E3: Verify Navigation To Admin Page From Side Panel | F3: 1. Log in 2. Click "Admin" in the side panel | G3: n/a | H3: Admin page loads; breadcrumb reads "Admin" | I3: Yes | J3: tests/Navigation.spec.ts
A4: TC_CEF_001 | B4: High | C4: Functional | D4: PIM - Add Employee | E4: Add Employee Without Middle Name | F4: 1. Log in 2. Navigate to PIM 3. Click Add 4. Fill First Name, Last Name, and Employee Id 5. Click Save | G4: Faker-generated unique first/last name; generated Employee Id suffix | H4: Employee is created; the new Personal Details page shows the entered first and last name | I4: Yes | J4: tests/AddEmployeeTest.spec.ts | K4: Created via the UI (it is the subject); tracked marker id, deleted by teardown. Waits for the save redirect.
A5: TC_CEF_002 | B5: Medium | C5: Functional | D5: PIM - Add Employee | E5: Add Employee With Middle Name | F5: 1. Log in 2. Navigate to PIM 3. Click Add 4. Fill First Name, Middle Name, Last Name, and Employee Id 5. Click Save | G5: Faker-generated unique first/middle/last name; generated Employee Id suffix | H5: Employee is created; the new Personal Details page shows the entered first and last name | I5: Yes | J5: tests/AddEmployeeTest.spec.ts | K5: Created via the UI (it is the subject); tracked marker id, deleted by teardown. Waits for the save redirect.
A6: TC_CEF_003 | B6: High | C6: Functional | D6: PIM - Add Employee / Login Credentials | E6: Create Employee With Enabled Login Credentials | F6: 1. Add a new employee 2. Toggle "Create Login Details" 3. Enter a username and password 4. Set status to Enabled 5. Save 6. Log out 7. Log back in as the new user | G6: Faker-generated unique name, username, and password | H6: The new user logs in successfully and their own profile name is visible | I6: Yes | J6: tests/AddEmployeeTest.spec.ts | K6: Password always contains a digit (the form silently refuses one without). Employee and user deleted by teardown (deleting the employee removes the user).
A7: TC_CEF_004 | B7: High | C7: Negative | D7: PIM - Add Employee / Login Credentials | E7: Create Employee With Disabled Login Credentials | F7: 1. Add a new employee 2. Toggle "Create Login Details" 3. Enter a username and password 4. Set status to Disabled 5. Save 6. Log out 7. Attempt to log in as the new user | G7: Faker-generated unique name, username, and password | H7: Login is rejected with an "Account disabled" message | I7: Yes | J7: tests/AddEmployeeTest.spec.ts | K7: Same as TC_CEF_003: digit in the password, employee and user deleted by teardown.
A8: TC_CEF_005 | B8: Medium | C8: Negative | D8: PIM - Add Employee | E8: Add Employee Shows Required Field Errors When Name Is Blank | F8: 1. Log in 2. Navigate to PIM > Add Employee 3. Leave First Name and Last Name blank 4. Click Save | G8: n/a (form submitted blank on purpose) | H8: A "Required" validation message appears under both First Name and Last Name | I8: Yes | J8: tests/AddEmployeeTest.spec.ts | K8: Soft assertions for the two field errors; creates no data, so nothing to clean up
A9: TC_CEF_006 | B9: Low | C9: Functional | D9: PIM - Add Employee | E9: Cancel Add Employee Returns To Employee List | F9: 1. Log in 2. Navigate to PIM > Add Employee 3. Click Cancel | G9: n/a | H9: User is returned to the Employee List (the "Add" button is visible again) | I9: Yes | J9: tests/AddEmployeeTest.spec.ts | K9: Creates no data
A10: TC_EEF_001 | B10: High | C10: Functional | D10: PIM - Edit Employee | E10: Edit Employee Name Fields | F10: 1. Create a new employee (via the API) 2. Open that employee's Personal Details page 3. Edit First Name and Last Name 4. Click Save 5. Reload the page | G10: Faker-generated unique name for creation; edited values prefixed "Edited" | H10: "Successfully Updated" toast appears; the reloaded page shows the edited name | I10: Yes | J10: tests/EditEmployeeTest.spec.ts | K10: Employee created via the API and deleted by teardown. Waits for network idle before editing (the form re-populates after load).
A11: TC_SEF_001 | B11: Medium | C11: Functional | D11: PIM - Search Employee | E11: Search Employee By Name Shows Matching Result | F11: 1. Create a new employee (via the API) 2. Navigate to PIM Employee List 3. Search by the employee's last name | G11: Faker-generated unique last name (single word, for a reliable autocomplete match) | H11: Exactly one row matching the searched employee is shown | I11: Yes | J11: tests/SearchEmployeeTest.spec.ts | K11: Employee created via the API and deleted by teardown. Last name has a random suffix so "exactly one match" holds on a list of hundreds.
A12: TC_DEF_001 | B12: High | C12: Functional | D12: PIM - Delete Employee | E12: Delete Employee | F12: 1. Create a new employee (via the API) 2. Search for them by last name in the Employee List 3. Click the row's delete icon 4. Confirm "Yes, Delete" 5. Navigate directly to the employee's (former) Personal Details URL | G12: Faker-generated unique name | H12: "Successfully Deleted" toast appears; the employee's URL now shows "No Records Found" | I12: Yes | J12: tests/DeleteEmployeeTest.spec.ts | K12: Only ever deletes the employee it created. Teardown then finds nothing left, which proves cleanup is safe on already-deleted data.
A13: TC_TDS_001 | B13: High | C13: Unit | D13: Test Data Safety (offline) | E13: A Generated Employee Id Is Valid, Recognised As Ours, And Fresh | F13: 1. Generate an Employee Id 2. Check its length, whether it is recognised as a test id, and whether it is stale | G13: n/a (in-memory) | H13: Exactly 10 characters (the server limit), recognised as ours, not stale | I13: Yes | J13: tests/TestDataSafetyTest.spec.ts | K13: No browser or network
A14: TC_TDS_002 | B14: High | C14: Unit | D14: Test Data Safety (offline) | E14: An Id Becomes Stale Exactly At The Age Threshold, Not Before | F14: 1. Generate ids stamped just under and exactly at the stale threshold 2. Check staleness of each | G14: n/a (in-memory) | H14: Just under the threshold: not stale. Exactly at it: stale. | I14: Yes | J14: tests/TestDataSafetyTest.spec.ts | K14: Boundary test of the purge's age rule
A15: TC_TDS_003 | B15: High | C15: Unit | D15: Test Data Safety (offline) | E15: Ids That Are Not Ours Are Never Recognised | F15: 1. Check ordinary ids, empty/null ids, wrong-length ids, wrong-case prefixes, and ids with the prefix not at the start | G15: n/a (in-memory) | H15: None is treated as a test id or as stale | I15: Yes | J15: tests/TestDataSafetyTest.spec.ts | K15: Guards against deleting other people's data
A16: TC_TDS_004 | B16: Medium | C16: Unit | D16: Test Data Safety (offline) | E16: Generated Ids Are Unique | F16: 1. Generate 500 ids within the same time unit | G16: n/a (in-memory) | H16: All 500 are distinct | I16: Yes | J16: tests/TestDataSafetyTest.spec.ts
A17: TC_TDS_005 | B17: High | C17: Unit | D17: Test Data Safety (offline) | E17: An Id Stamped In The Future Is Never Treated As Stale | F17: 1. Generate an id stamped in the future 2. Check staleness | G17: n/a (in-memory) | H17: Recognised as a test id but never stale (clock skew, or not ours - leave it) | I17: Yes | J17: tests/TestDataSafetyTest.spec.ts
A18: TC_TDS_006 | B18: High | C18: Unit | D18: Test Data Safety (offline) | E18: Purge Deletes Only Stale Test Employees | F18: 1. Fake store holds a stale test employee, a fresh one, someone else's, a look-alike name containing QAR, and one with no id 2. Run the purge | G18: n/a (fake store) | H18: Only the stale test employee is deleted; everything else survives | I18: Yes | J18: tests/TestDataSafetyTest.spec.ts | K18: Mutation-checked: trusting the server's substring match makes this fail
A19: TC_TDS_007 | B19: High | C19: Unit | D19: Test Data Safety (offline) | E19: Purge Refuses To Delete Anything When There Are Suspiciously Many Matches | F19: 1. Fake store holds more stale test employees than the safety cap 2. Run the purge | G19: n/a (fake store) | H19: Nothing is deleted and the refusal is reported | I19: Yes | J19: tests/TestDataSafetyTest.spec.ts | K19: Mutation-checked: removing the cap makes this fail
A20: TC_TDS_008 | B20: High | C20: Unit | D20: Test Data Safety (offline) | E20: Cleanup Deletes Only What This Test Created | F20: 1. Create an employee through TestData; the store also holds another run's marked employee and someone else's 2. Run cleanup | G20: n/a (fake store) | H20: Only this test's employee is deleted | I20: Yes | J20: tests/TestDataSafetyTest.spec.ts
A21: TC_TDS_009 | B21: Medium | C21: Unit | D21: Test Data Safety (offline) | E21: Cleanup Is Safe When There Is Nothing To Delete, And Safe To Run Twice | F21: 1. Issue an id that is never used and create one employee 2. Run cleanup twice | G21: n/a (fake store) | H21: First run deletes one; second deletes none; nothing throws | I21: Yes | J21: tests/TestDataSafetyTest.spec.ts | K21: Covers a test that fails before saving, and a test that already deleted its own data
A22: TC_TDS_010 | B22: High | C22: Unit | D22: Test Data Safety (offline) | E22: A Failing Cleanup Never Throws, And Reports What It Could Not Remove | F22: 1. Create an employee and make every delete fail 2. Run cleanup | G22: n/a (fake store) | H22: Cleanup retries, does not throw, and reports the employee as leaked for the next purge | I22: Yes | J22: tests/TestDataSafetyTest.spec.ts
A23: TC_UCF_001 | B23: High | C23: Functional | D23: Admin - User Management / Add User | E23: Create ESS User With Enabled Status | F23: 1. Create a new employee (via the API) 2. Go to Admin > User Management and click Add 3. Select User Role ESS and Status Enabled 4. Pick the new employee, enter a username, password and confirm password 5. Click Save 6. Search the user list by that username | G23: Self-created employee (unique random last name); generated username and password | H23: "Successfully Saved" toast appears; the list shows "(1) Record Found" with that username, role ESS, the employee's name, and status Enabled | I23: Yes | J23: tests/AddUserTest.spec.ts | K23: Employee created via the API; teardown deletes it and the user goes with it (verified live), so the user needs no cleanup of its own.
A24: TC_UCF_002 | B24: Medium | C24: Functional | D24: Admin - User Management / Add User | E24: Create Admin User With Disabled Status | F24: 1. Create a new employee (via the API) 2. Go to Admin > User Management and click Add 3. Select User Role Admin and Status Disabled 4. Pick the new employee, enter a username, password and confirm password 5. Click Save 6. Search the user list by that username | G24: Self-created employee; generated username and password | H24: "Successfully Saved" toast appears; the list shows that user with role Admin and status Disabled | I24: Yes | J24: tests/AddUserTest.spec.ts | K24: Creates an account with Admin privileges, but Disabled and with a random password. Teardown deletes the employee and the user goes with it (cascade verified live for an Admin-role, Disabled user). Written out in full rather than shared with TC_UCF_001, so each test reads on its own.
A25: TC_UCF_003 | B25: High | C25: Negative | D25: Admin - User Management / Add User | E25: Add User Shows Required Field Errors When Form Is Blank | F25: 1. Log in 2. Go to Admin > User Management and click Add 3. Confirm no field shows a validation message yet 4. Leave every field empty and click Save 5. Check each field's message 6. Check the page is still the Add User form and no success toast appeared | G25: n/a (form submitted blank on purpose) | H25: User Role, Employee Name, Status, Username and Password each show "Required"; Confirm Password shows "Passwords do not match" (verified live - not "Required"). The page stays on the Add User form and no success toast appears (nothing was saved). | I25: Yes | J25: tests/AddUserTest.spec.ts | K25: Creates no data, so nothing to clean up (a manual probe also saw no create request; the test itself checks the URL and toast, not network traffic). Verified live before automating; the plan's assumption that Confirm Password says "Required" was wrong. One poll-based assertion over a field -> message object, so a failure names the field. The Confirm Password wording looks odd for an empty field (possible app quirk) - asserted as observed; if the app changes it the test fails on purpose for a person to decide.
A26: TC_UCF_004 | B26: Medium | C26: Negative | D26: Admin - User Management / Add User | E26: Password And Confirm Password Mismatch Is Rejected | F26: 1. Create an employee through the API (the form needs a real one) 2. Log in, go to Admin > User Management and click Add 3. Fill every field validly, but make Confirm Password differ from Password 4. Check only Confirm Password shows a message 5. Click Save 6. Check the page is still the form, the message remains, and no success toast appeared 7. Search the User Management list for the username | G26: Self-created employee; generated username; Password = a generated password, Confirm Password = the same value with an extra character | H26: Confirm Password shows "Passwords do not match" and no other field shows an error. Save does not go through: the page stays on the Add User form with no success toast. Searching the list for that username returns "No Records Found" (no user was created). | I26: Yes | J26: tests/AddUserTest.spec.ts | K26: Verified live before automating: the message appears as soon as the value is typed (not only on Save), is case-sensitive (a case-only difference still mismatches), and clears when the two match again; Save sent no create request. The employee is created through the API and deleted by teardown (which would also remove a wrongly created user). The test asserts only the extra-character mismatch; case-sensitivity was observed, not tested. Password minimum length and other password rules were NOT verified here (out of scope for this case).
A27: TC_UCF_005 | B27: Medium | C27: Negative | D27: Admin - User Management / Add User | E27: Username Shorter Than Minimum Length Is Rejected | F27: 1. Create an employee through the API (the form needs a real one) 2. Log in, go to Admin > User Management and click Add 3. Fill every field validly, but use a 4-character username 4. Check only Username shows a message 5. Click Save 6. Check the page is still the form, the message remains, and no success toast appeared 7. Change the username to 5 characters and check no field shows an error 8. Search the User Management list for the 4-character username | G27: Self-created employee; a 4-character username and then a 5-character one, both cut from a generated random value (different every run) | H27: With a 4-character username, only Username shows "Should be at least 5 characters". Save does not go through: the page stays on the Add User form with no success toast. A 5-character username clears the message and the form has no errors (the minimum is exactly 5). Searching the list for the 4-character username returns "No Records Found". | I27: Yes | J27: tests/AddUserTest.spec.ts | K27: Verified live before automating: lengths 1-4 show the message, 5 and 6 and 40 are accepted, 41 shows "Should not exceed 40 characters" (the maximum is NOT tested here); the message appears as soon as the value is typed, not only on Save; Save sent no create request. The employee is created through the API and deleted by teardown (which would also remove a wrongly created user). The 5-character step presses Tab after typing: one run in ten showed the old message staying on screen for a minute without it. The no-user list check can pass while a create request is still in flight if nothing sits between Save and the search; in this test other steps sit between, and the Username message assertion before Save is the main guard.
A28: TC_UCF_006 | B28: High | C28: Negative | D28: Admin - User Management / Add User | E28: Duplicate Username Is Rejected | F28: 1. Create two employees through the API 2. Create a user for the first employee through the API 3. Log in, go to Admin > User Management and click Add 4. Fill every field validly for the SECOND employee, but reuse the first user's username 5. Check only Username shows a message 6. Click Save 7. Check the page is still the form, the message remains, and no success toast appeared 8. Search the User Management list for that username | G28: Two self-created employees; one generated username (used for the first user, then typed again for the second); one generated valid password | H28: Username shows "Already exists" and no other field shows an error. Save does not go through: the page stays on the Add User form with no success toast. Searching the list for that username shows exactly one record, ESS / Enabled, belonging to the FIRST employee. | I28: Yes | J28: tests/AddUserTest.spec.ts | K28: Verified live before automating: the message "Already exists" appears as soon as the username is typed (the app asks the server; Save is not needed), the check is case-insensitive (the upper-case form is also taken - observed, not tested), a different username clears it, and Save sent no create request. The first user is created through the API (new OrangeHrmApi.createEssUser / TestData.createUser, using the exact request the form sends, ESS and Enabled only); both employees are deleted by teardown, which removes the user too (verified for an API-created user). The not-created check is the exactly-one-record list result, which can pass while a create is still in flight if nothing sits between Save and the search; the Username message assertion before Save is the main guard.
A29: TC_UCF_007 | B29: Low | C29: Functional | D29: Admin - User Management / Add User | E29: Cancel Add User Returns To User List | F29: 1. Create an employee through the API (the form needs a real one) 2. Log in, go to Admin > User Management and click Add 3. Fill every field validly (ESS, Enabled) but do not save 4. Click Cancel 5. Check the page is the User Management list, not the form 6. Search the list for the username 7. Click Add again and check the form is blank | G29: Self-created employee; a generated username and a generated valid password, typed into the form and then abandoned | H29: Cancel returns to /admin/viewSystemUsers: the list's Add button is shown and the form's Save button is gone. Searching for the username returns "No Records Found" (the cancelled user was not created). Reopening the Add User form shows empty Username, Password and Confirm Password. | I29: Yes | J29: tests/AddUserTest.spec.ts | K29: Verified live before automating: Cancel goes straight to the list with no confirmation dialog even when data is typed in, sends no create request, and a reopened form starts blank. The form is filled COMPLETELY so that "no user created" means something - a half-empty form could never be saved anyway. The employee is created through the API and deleted by teardown. The user count on the list is deliberately not checked: the demo is shared and it changes whenever anyone adds a user. Note the "back on the list" check alone would also pass if Save were clicked (Save also lands on the list); the no-user check is what separates them.
A30: TC_UCF_008 | B30: Medium | C30: Functional | D30: Admin - User Management / Add User | E30: Create User With Minimum-Length 5-Character Username | F30: 1. Create an employee through the API (the form needs a real one) 2. Log in, go to Admin > User Management and click Add 3. Fill every field validly with a 5-character username (ESS, Enabled) 4. Click Save 5. Check the success toast 6. Search the User Management list for the username and check the row | G30: Self-created employee; a 5-character username cut from a generated random value (different every run); a generated valid password used for both password fields | H30: The user is saved: the toast "Successfully Saved" appears and the list shows exactly one row for that username with User Role ESS, the employee's name, and Status Enabled. | I30: Yes | J30: tests/AddUserTest.spec.ts | K30: Added after TC_UCF_005, which proves 4 characters is rejected and 5 clears the message but never saves the 5 - this saves it, so the minimum rests on a real save. Numbered after the planned TC_UCF_006/007 so the plan is not renumbered. Verified live before automating: the save sends the real create request, and deleting the employee afterwards removes this user too (the list then reports "No Records Found" for it). The employee is created through the API and deleted by teardown.
A31: TC_USF_001 | B31: High | C31: Functional | D31: Admin - User Management / Search User | E31: Search Users By Username Shows The Matching User And Reset Restores The List | F31: 1. Create an employee and a user for it through the API 2. Log in, go to Admin > User Management 3. Enter the username in the search box and click Search 4. Check exactly one record is shown, with the user's role, employee name and status 5. Click Reset 6. Check the search box is empty and the list is no longer filtered | G31: Self-created employee and ESS / Enabled user (generated username) | H31: Search shows "(1) Record Found" with that user's row (ESS, the employee's name, Enabled). Reset empties the search box and the list shows more than one record again. | I31: Yes | J31: tests/SearchUserTest.spec.ts | K31: The employee and user are created through the API (TestData.createEmployee / createUser) and the employee is deleted by teardown, which removes the user. Verified live before automating: Search gives "(1) Record Found" with that single row; Reset empties the search box and brings the full list back. The total is NOT asserted - it was 33 users one day and 27 another because the demo is shared - only that it is two or more. The page text has a leading space (" (33) Records Found"), so the regex allows for it (a string match trims it, a regex does not). The Reset check cannot pass early: right after a search the text still says "(1) Record Found" and the assertion waits until it does not.
A32: TC_USF_002 | B32: Medium | C32: Negative | D32: Admin - User Management / Search User | E32: Search For A Username That Does Not Exist Shows No Records | F32: 1. Log in, go to Admin > User Management 2. Enter a generated username that no user has 3. Click Search 4. Check the table's message, the records count text and the table rows | G32: A generated username (qar_ + random) that is only generated, never saved, so no user can have it | H32: The table shows "No Records Found", the "(N) Records Found" count text is gone, and no data row is left (only the table's header row). | I32: Yes | J32: tests/SearchUserTest.spec.ts | K32: Creates no data, so nothing to clean up. Verified live before automating: the words "No Records Found" appear twice - as the table's own <span> and as a fading info toast <p> - so the test asserts on the table's message (filtered by tag), not the toast; the count text disappears; only the header row remains; the search box keeps the typed value. Also observed, NOT asserted: searching "Admi" (part of the existing "Admin") finds nothing - the username search is an exact match, not "starts with". The number of users is never checked: it was 33, then 27, then 4 on different days. Partly exercised before by the not-created checks in TC_UCF_004/005/007, but not as the subject of a test.
A33: TC_USF_003 | B33: Medium | C33: Functional | D33: Admin - User Management / Search User | E33: Filtering By User Role And Status Narrows The Search | F33: 1. Create an employee and an ESS / Enabled user through the API 2. Log in, go to Admin > User Management 3. Search the username with User Role = ESS and Status = Enabled; check the user is listed 4. Search the same username with Status = Disabled; check no records are found 5. Search again with ESS and Enabled; check the user is listed again 6. Search the same username with User Role = Admin; check no records are found | G33: Self-created ESS / Enabled user; the same username searched with ESS+Enabled, ESS+Disabled, ESS+Enabled, Admin+Enabled | H33: The user is found with its own role and status, and NOT found when the Status filter is Disabled or when the User Role filter is Admin. Putting the matching filters back finds the user again. Each "none" shows the table's "No Records Found" with no row. | I33: Yes | J33: tests/SearchUserTest.spec.ts | K33: The employee and user are created through the API and deleted by teardown. Verified live before automating: the list's User Role dropdown offers Admin / ESS and Status offers Enabled / Disabled (both found by label with the same helpers as the Add User form); with the username they narrow the result exactly as above; a dropdown keeps its last value between searches, so every search sets both; Reset clears the dropdowns too. The order alternates found / none / found / none ON PURPOSE: shown by mutation that two "none" results in a row, with the second search skipped, PASS WRONGLY on the previous result's message still being on screen. Only filters combined with the username are tested; a role or status filter alone is not (it returns other people's users, whose number changes).
A34: TC_UEF_001 | B34: High | C34: Functional | D34: Admin - User Management / Edit User | E34: Edit User Status From Enabled To Disabled | F34: 1. Create an employee and an ESS / Enabled user through the API 2. Log in, go to Admin > User Management and search the username 3. Click the row's edit (pencil) button 4. Change Status to Disabled and click Save 5. Check the success toast 6. Search the username again and check the row shows Disabled | G34: Self-created ESS / Enabled user | H34: The success toast appears and the list shows the user with Status Disabled (other columns unchanged). | I34: Planned | J34: tests/EditUserTest.spec.ts (planned) | K34: Planned, not automated yet. To verify live: the edit form's fields, which are locked, the toast text, and whether saving needs the password. Seen live: the row's edit and delete icons are buttons with NO accessible name (only icon classes bi-pencil-fill / bi-trash), so they need an icon-based locator with a comment.
... A40: TC_LOGIN_004 | B40: Medium | C40: Navigation | D40: Authentication | E40: Logout Returns To The Login Page | F40: 1. Log in 2. Open the profile menu in the top bar 3. Click Logout | G40: The configured admin login | H40: The login page is shown (login heading visible, URL is the login URL) and the Dashboard is no longer reachable without logging in again. | I40: Planned | J40: tests/Login.spec.ts (planned) | K40: Planned, not automated yet. Creates no data. CommonActions.isLoggedOut() already clicks through this flow (used by TC_CEF_003/004), but no test has it as its subject. To verify live whether the Dashboard URL redirects to login afterwards.

Sheet Summary
A1: OrangeHRM Playwright Test Suite - Summary
A3: Total test cases | B3: =COUNTA('OrangeHRM Test Suite'!$A$2:$A$200)
A4: Automated | B4: =COUNTIF('OrangeHRM Test Suite'!$I$2:$I$200,"Yes")
A5: Planned (not automated yet) | B5: =COUNTIF('OrangeHRM Test Suite'!$I$2:$I$200,"Planned")
A7: Type | B7: Total | C7: Automated | D7: Planned
A8: Smoke | B8: =COUNTIF('OrangeHRM Test Suite'!$C$2:$C$200,A8) | C8: =COUNTIFS('OrangeHRM Test Suite'!$C$2:$C$200,A8,'OrangeHRM Test Suite'!$I$2:$I$200,"Yes") | D8: =COUNTIFS('OrangeHRM Test Suite'!$C$2:$C$200,A8,'OrangeHRM Test Suite'!$I$2:$I$200,"Planned")
A9: Functional | B9: =COUNTIF('OrangeHRM Test Suite'!$C$2:$C$200,A9) | C9: =COUNTIFS('OrangeHRM Test Suite'!$C$2:$C$200,A9,'OrangeHRM Test Suite'!$I$2:$I$200,"Yes") | D9: =COUNTIFS('OrangeHRM Test Suite'!$C$2:$C$200,A9,'OrangeHRM Test Suite'!$I$2:$I$200,"Planned")
A10: Negative | B10: =COUNTIF('OrangeHRM Test Suite'!$C$2:$C$200,A10) | C10: =COUNTIFS('OrangeHRM Test Suite'!$C$2:$C$200,A10,'OrangeHRM Test Suite'!$I$2:$I$200,"Yes") | D10: =COUNTIFS('OrangeHRM Test Suite'!$C$2:$C$200,A10,'OrangeHRM Test Suite'!$I$2:$I$200,"Planned")
A11: Navigation | B11: =COUNTIF('OrangeHRM Test Suite'!$C$2:$C$200,A11) | C11: =COUNTIFS('OrangeHRM Test Suite'!$C$2:$C$200,A11,'OrangeHRM Test Suite'!$I$2:$I$200,"Yes") | D11: =COUNTIFS('OrangeHRM Test Suite'!$C$2:$C$200,A11,'OrangeHRM Test Suite'!$I$2:$I$200,"Planned")
A12: Unit | B12: =COUNTIF('OrangeHRM Test Suite'!$C$2:$C$200,A12) | C12: =COUNTIFS('OrangeHRM Test Suite'!$C$2:$C$200,A12,'OrangeHRM Test Suite'!$I$2:$I$200,"Yes") | D12: =COUNTIFS('OrangeHRM Test Suite'!$C$2:$C$200,A12,'OrangeHRM Test Suite'!$I$2:$I$200,"Planned")
A13: All types | B13: =SUM(B8:B12) | C13: =SUM(C8:C12) | D13: =SUM(D8:D12)
A15: Generated by `pnpm docs:sync` from docs/test-suite/test-cases.json - edit that file, not this sheet. Planned cases' types are provisional until each is automated. 'All types' should equal Total test cases above; if not, a case has a Type outside the listed ones.
